-- MySQL dump 10.13  Distrib 8.0.25, for Linux (x86_64)
--
-- Host: localhost    Database: sgpadrao
-- ------------------------------------------------------
-- Server version	8.0.25-0ubuntu0.20.10.1

/*!40101 SET @OLD_CHARACTER_SET_CLIENT=@@CHARACTER_SET_CLIENT */;
/*!40101 SET @OLD_CHARACTER_SET_RESULTS=@@CHARACTER_SET_RESULTS */;
/*!40101 SET @OLD_COLLATION_CONNECTION=@@COLLATION_CONNECTION */;
/*!50503 SET NAMES utf8mb4 */;
/*!40103 SET @OLD_TIME_ZONE=@@TIME_ZONE */;
/*!40103 SET TIME_ZONE='+00:00' */;
/*!40014 SET @OLD_UNIQUE_CHECKS=@@UNIQUE_CHECKS, UNIQUE_CHECKS=0 */;
/*!40014 SET @OLD_FOREIGN_KEY_CHECKS=@@FOREIGN_KEY_CHECKS, FOREIGN_KEY_CHECKS=0 */;
/*!40101 SET @OLD_SQL_MODE=@@SQL_MODE, SQL_MODE='NO_AUTO_VALUE_ON_ZERO' */;
/*!40111 SET @OLD_SQL_NOTES=@@SQL_NOTES, SQL_NOTES=0 */;

--
-- Table structure for table `TBL_ARQUIVOS`
--

DROP TABLE IF EXISTS `TBL_ARQUIVOS`;
/*!40101 SET @saved_cs_client     = @@character_set_client */;
/*!50503 SET character_set_client = utf8mb4 */;
CREATE TABLE `TBL_ARQUIVOS` (
  `CODIGO` int NOT NULL AUTO_INCREMENT,
  `NOME` varchar(300) CHARACTER SET utf8 COLLATE utf8_general_ci DEFAULT NULL,
  `TIPO` varchar(20) CHARACTER SET utf8 COLLATE utf8_general_ci DEFAULT NULL,
  `LOCAL` varchar(300) CHARACTER SET utf8 COLLATE utf8_general_ci DEFAULT NULL,
  `TAMANHO` varchar(10) CHARACTER SET utf8 COLLATE utf8_general_ci DEFAULT NULL,
  `NOME_HASH` varchar(50) CHARACTER SET utf8 COLLATE utf8_general_ci DEFAULT NULL,
  `DATACRIACAO` datetime NOT NULL,
  `SESSAO` int NOT NULL,
  `USUARIO` int NOT NULL,
  `REG_ATIVO` int NOT NULL DEFAULT '1',
  PRIMARY KEY (`CODIGO`),
  KEY `ARQUIVO_SESSAO` (`SESSAO`),
  KEY `ARQUIVO_USUARIO` (`USUARIO`),
  CONSTRAINT `TBL_ARQUIVOS_ibfk_1` FOREIGN KEY (`SESSAO`) REFERENCES `TBL_SESSOES` (`CODIGO`),
  CONSTRAINT `TBL_ARQUIVOS_ibfk_2` FOREIGN KEY (`USUARIO`) REFERENCES `TBL_USUARIOS` (`CODIGO`)
) ENGINE=InnoDB DEFAULT CHARSET=utf8mb3;
/*!40101 SET character_set_client = @saved_cs_client */;

--
-- Dumping data for table `TBL_ARQUIVOS`
--

LOCK TABLES `TBL_ARQUIVOS` WRITE;
/*!40000 ALTER TABLE `TBL_ARQUIVOS` DISABLE KEYS */;
/*!40000 ALTER TABLE `TBL_ARQUIVOS` ENABLE KEYS */;
UNLOCK TABLES;

--
-- Table structure for table `TBL_PADRAO`
--

DROP TABLE IF EXISTS `TBL_PADRAO`;
/*!40101 SET @saved_cs_client     = @@character_set_client */;
/*!50503 SET character_set_client = utf8mb4 */;
CREATE TABLE `TBL_PADRAO` (
  `CODIGO` int NOT NULL AUTO_INCREMENT,
  `NOME` varchar(100) NOT NULL,
  `DESCRICAO` text,
  `TIPO` int DEFAULT NULL,
  `VALOR` double DEFAULT NULL,
  `DATA` datetime DEFAULT NULL,
  `ESCOLHA` char(1) DEFAULT NULL,
  `SESSAO` int NOT NULL,
  `USUARIO` int NOT NULL,
  `DATACRIACAO` datetime NOT NULL,
  `REG_ATIVO` int NOT NULL,
  PRIMARY KEY (`CODIGO`),
  KEY `TBL_PADRAO_SESSAO` (`SESSAO`),
  KEY `TBL_PADRAO_USUARIO` (`USUARIO`),
  CONSTRAINT `TBL_PADRAO_ibfk_1` FOREIGN KEY (`SESSAO`) REFERENCES `TBL_SESSOES` (`CODIGO`),
  CONSTRAINT `TBL_PADRAO_ibfk_2` FOREIGN KEY (`USUARIO`) REFERENCES `TBL_USUARIOS` (`CODIGO`)
) ENGINE=InnoDB DEFAULT CHARSET=utf8mb3;
/*!40101 SET character_set_client = @saved_cs_client */;

--
-- Dumping data for table `TBL_PADRAO`
--

LOCK TABLES `TBL_PADRAO` WRITE;
/*!40000 ALTER TABLE `TBL_PADRAO` DISABLE KEYS */;
/*!40000 ALTER TABLE `TBL_PADRAO` ENABLE KEYS */;
UNLOCK TABLES;

--
-- Table structure for table `TBL_SESSOES`
--

DROP TABLE IF EXISTS `TBL_SESSOES`;
/*!40101 SET @saved_cs_client     = @@character_set_client */;
/*!50503 SET character_set_client = utf8mb4 */;
CREATE TABLE `TBL_SESSOES` (
  `CODIGO` int NOT NULL AUTO_INCREMENT,
  `USUARIO` int NOT NULL,
  `SESSAO_UID` varchar(100) CHARACTER SET utf8 COLLATE utf8_general_ci DEFAULT NULL,
  `IPCLIENTE` varchar(20) CHARACTER SET utf8 COLLATE utf8_general_ci DEFAULT NULL,
  `DATAINICIO` datetime NOT NULL,
  `DATAFIM` datetime DEFAULT NULL,
  `CLIENTENOME` varchar(100) DEFAULT NULL,
  `REG_ATIVO` int NOT NULL DEFAULT '1',
  PRIMARY KEY (`CODIGO`),
  UNIQUE KEY `SESSAO_UID` (`SESSAO_UID`),
  KEY `USUARIO` (`USUARIO`)
) ENGINE=InnoDB AUTO_INCREMENT=73 DEFAULT CHARSET=utf8mb3;
/*!40101 SET character_set_client = @saved_cs_client */;

--
-- Dumping data for table `TBL_SESSOES`
--

LOCK TABLES `TBL_SESSOES` WRITE;
/*!40000 ALTER TABLE `TBL_SESSOES` DISABLE KEYS */;
INSERT INTO `TBL_SESSOES` VALUES (1,1,'SESSAO_GENESIS','127.0.0.1','2020-12-05 00:00:00','2023-01-01 18:00:13',NULL,1),(21,1,'7lc688rpa2pmvtjjooqo3tfnld','192.168.137.1','2020-12-06 22:29:14','2023-01-02 12:10:45','SUPERVISOR@192.168.137.1',1),(64,1,'m5lstp2mgutofolc7qtjtomm6q','192.168.1.8','2023-01-05 18:54:21','2023-01-01 19:32:26','SUPERVISOR@192.168.1.8',1),(65,1,'n1uc7c9lr9geumstusv2ieqtrs','192.168.1.10','2023-01-05 19:32:46','2023-01-01 19:36:40','SUPERVISOR@192.168.1.10',1),(66,1,'l9hud296c8iifsmigblii3lv6s','192.168.1.10','2023-01-05 19:36:47','2023-01-01 20:55:31','SUPERVISOR@192.168.1.10',1),(67,1,'sh4mkthj95vrv8he1bafb8l5vk','192.168.1.10','2023-01-05 20:55:39','2023-01-06 08:35:52','SUPERVISOR@192.168.1.10',1),(68,1,'glgorbsrbgn02sasm00rvoe8c2','192.168.1.7','2023-01-06 08:36:09',NULL,'SUPERVISOR@192.168.1.7',1);
/*!40000 ALTER TABLE `TBL_SESSOES` ENABLE KEYS */;
UNLOCK TABLES;

--
-- Table structure for table `TBL_SISTEMA`
--

DROP TABLE IF EXISTS `TBL_SISTEMA`;
/*!40101 SET @saved_cs_client     = @@character_set_client */;
/*!50503 SET character_set_client = utf8mb4 */;
CREATE TABLE `TBL_SISTEMA` (
  `CODIGO` int NOT NULL AUTO_INCREMENT,
  `NOME` varchar(20) CHARACTER SET utf8 COLLATE utf8_general_ci NOT NULL,
  `NOME_CURTO` varchar(10) CHARACTER SET utf8 COLLATE utf8_general_ci DEFAULT NULL,
  `DESCRICAO` text CHARACTER SET utf8 COLLATE utf8_general_ci,
  `DATACRIACAO` datetime NOT NULL,
  `SESSAO` int NOT NULL,
  `USUARIO` int NOT NULL,
  PRIMARY KEY (`CODIGO`),
  UNIQUE KEY `SISTEMA_NOME` (`NOME`),
  KEY `SISTEMA_USUARIO` (`USUARIO`),
  KEY `SISTEMA_SESSAO` (`SESSAO`),
  CONSTRAINT `TBL_SISTEMA_ibfk_1` FOREIGN KEY (`USUARIO`) REFERENCES `TBL_USUARIOS` (`CODIGO`),
  CONSTRAINT `TBL_SISTEMA_ibfk_2` FOREIGN KEY (`SESSAO`) REFERENCES `TBL_SESSOES` (`CODIGO`)
) ENGINE=InnoDB AUTO_INCREMENT=2 DEFAULT CHARSET=utf8mb3;
/*!40101 SET character_set_client = @saved_cs_client */;

--
-- Dumping data for table `TBL_SISTEMA`
--

LOCK TABLES `TBL_SISTEMA` WRITE;
/*!40000 ALTER TABLE `TBL_SISTEMA` DISABLE KEYS */;
INSERT INTO `TBL_SISTEMA` VALUES (1,'SGPADRAO','SGP','SISTEMA PADRAO','2020-12-07 21:07:28',1,1);
/*!40000 ALTER TABLE `TBL_SISTEMA` ENABLE KEYS */;
UNLOCK TABLES;

--
-- Table structure for table `TBL_SYS_ACOES`
--

DROP TABLE IF EXISTS `TBL_SYS_ACOES`;
/*!40101 SET @saved_cs_client     = @@character_set_client */;
/*!50503 SET character_set_client = utf8mb4 */;
CREATE TABLE `TBL_SYS_ACOES` (
  `CODIGO` int NOT NULL AUTO_INCREMENT,
  `NOME` varchar(100) CHARACTER SET utf8 COLLATE utf8_general_ci NOT NULL,
  `ENTIDADE` varchar(100) CHARACTER SET utf8 COLLATE utf8_general_ci NOT NULL,
  `RESTRITO` int NOT NULL,
  `NIVEL` int NOT NULL DEFAULT '0',
  PRIMARY KEY (`CODIGO`),
  KEY `ACOES_ENTIDADE` (`ENTIDADE`) USING BTREE,
  CONSTRAINT `TBL_SYS_ACOES_ibfk_1` FOREIGN KEY (`ENTIDADE`) REFERENCES `TBL_SYS_ENTIDADES` (`NOME`)
) ENGINE=InnoDB AUTO_INCREMENT=42 DEFAULT CHARSET=utf8mb3;
/*!40101 SET character_set_client = @saved_cs_client */;

--
-- Dumping data for table `TBL_SYS_ACOES`
--

LOCK TABLES `TBL_SYS_ACOES` WRITE;
/*!40000 ALTER TABLE `TBL_SYS_ACOES` DISABLE KEYS */;
INSERT INTO `TBL_SYS_ACOES` VALUES (1,'LOGAR','SISTEMA',0,0),(2,'LOGIN','USUARIO',0,0),(3,'PRINCIPAL','SISTEMA',1,0),(4,'DEBUG','SISTEMA',0,0),(5,'MONTAR','MENU',0,0),(6,'RELOAD','MENU',0,0),(7,'EDITAR','MENU',1,0),(8,'CONSULTAR','MENU',1,0),(9,'ORDEM_MUDAR','MENU',1,0),(10,'EXIBIR','MENU',1,0),(11,'ALTERAR','MENU',1,0),(12,'INCLUIR','MENU',1,0),(13,'PESQUISAR','USUARIO',1,0),(14,'ALTERAR','USUARIO',1,0),(15,'ATIVAR','USUARIO',1,0),(16,'BLOQUEAR','USUARIO',1,0),(17,'INCLUIR','USUARIO',1,0),(18,'CONSULTAR','USUARIO',1,0),(19,'REDEFINIR_SENHA','USUARIO',1,0),(20,'ALTERAR_SENHA','USUARIO',1,0),(21,'ALTERAR_PERFIL','USUARIO',1,0),(22,'PERFIL','USUARIO',1,0),(23,'ALTERAR_IMAGEM','USUARIO',1,0),(24,'PESQUISAR','PERMISSAO',1,0),(25,'INCLUIR','PERMISSAO',1,0),(26,'PESQUISAR','ENTIDADEACAO',1,0),(27,'CONSULTAR_ENTIDADE','ENTIDADEACAO',1,0),(28,'LISTAR_ACAO','ENTIDADEACAO',1,0),(29,'INCLUIR_ENTIDADE','ENTIDADEACAO',1,0),(30,'INCLUIR_ACAO','ENTIDADEACAO',1,0),(31,'CONSULTAR_ACAO','ENTIDADEACAO',1,0),(32,'ALTERAR_ACAO','ENTIDADEACAO',1,0),(33,'VISUALIZAR_ARQUIVO','ENTIDADEACAO',1,2),(34,'EDITAR_ARQUIVO','ENTIDADEACAO',1,2),(35,'CRIAR_ARQUIVO','ENTIDADEACAO',1,2),(36,'SALVAR_ARQUIVO','ENTIDADEACAO',1,2),(37,'CRIAR_DIRETORIO','ENTIDADEACAO',1,2),(38,'IMPORTAR_MODELO','ENTIDADEACAO',1,2),(39,'TABELAS','SISTEMA',1,3),(40,'CRIAR_TABELA','SISTEMA',1,3),(41,'TABELA_CARREGAR_CSV','SISTEMA',1,0);
/*!40000 ALTER TABLE `TBL_SYS_ACOES` ENABLE KEYS */;
UNLOCK TABLES;

--
-- Table structure for table `TBL_SYS_AUTENTICACOES`
--

DROP TABLE IF EXISTS `TBL_SYS_AUTENTICACOES`;
/*!40101 SET @saved_cs_client     = @@character_set_client */;
/*!50503 SET character_set_client = utf8mb4 */;
CREATE TABLE `TBL_SYS_AUTENTICACOES` (
  `CODIGO` int NOT NULL AUTO_INCREMENT,
  `TIPO` int NOT NULL,
  `CLIENTENOME` varchar(300) NOT NULL,
  `IPCLIENTE` varchar(20) CHARACTER SET utf8 COLLATE utf8_general_ci NOT NULL,
  `SESSAO` int NOT NULL,
  `USUARIO` int NOT NULL,
  `DATACRIACAO` datetime NOT NULL,
  `REG_ATIVO` int NOT NULL,
  PRIMARY KEY (`CODIGO`),
  KEY `SESSAO` (`SESSAO`),
  KEY `USUARIO` (`USUARIO`),
  KEY `TIPO` (`TIPO`)
) ENGINE=InnoDB DEFAULT CHARSET=utf8mb3;
/*!40101 SET character_set_client = @saved_cs_client */;

--
-- Dumping data for table `TBL_SYS_AUTENTICACOES`
--

LOCK TABLES `TBL_SYS_AUTENTICACOES` WRITE;
/*!40000 ALTER TABLE `TBL_SYS_AUTENTICACOES` DISABLE KEYS */;
/*!40000 ALTER TABLE `TBL_SYS_AUTENTICACOES` ENABLE KEYS */;
UNLOCK TABLES;

--
-- Table structure for table `TBL_SYS_ENTIDADES`
--

DROP TABLE IF EXISTS `TBL_SYS_ENTIDADES`;
/*!40101 SET @saved_cs_client     = @@character_set_client */;
/*!50503 SET character_set_client = utf8mb4 */;
CREATE TABLE `TBL_SYS_ENTIDADES` (
  `NOME` varchar(100) CHARACTER SET utf8 COLLATE utf8_general_ci NOT NULL,
  `TABELA` varchar(100) CHARACTER SET utf8 COLLATE utf8_general_ci NOT NULL,
  PRIMARY KEY (`NOME`)
) ENGINE=InnoDB DEFAULT CHARSET=utf8mb3;
/*!40101 SET character_set_client = @saved_cs_client */;

--
-- Dumping data for table `TBL_SYS_ENTIDADES`
--

LOCK TABLES `TBL_SYS_ENTIDADES` WRITE;
/*!40000 ALTER TABLE `TBL_SYS_ENTIDADES` DISABLE KEYS */;
INSERT INTO `TBL_SYS_ENTIDADES` VALUES ('ENTIDADEACAO','TBL_SYS_ACOES'),('FORNECEDORES','TBL_FORNECEDORES'),('MENU','TBL_SYS_MENUS'),('MOEDAS','TBL_MOEDAS'),('PADRAO','TBL_PADRAO'),('PERMISSAO','TBL_SYS_PERMISSOES'),('SISTEMA','TBL_SISTEMA'),('USUARIO','TBL_USUARIOS');
/*!40000 ALTER TABLE `TBL_SYS_ENTIDADES` ENABLE KEYS */;
UNLOCK TABLES;

--
-- Table structure for table `TBL_SYS_LOGS`
--

DROP TABLE IF EXISTS `TBL_SYS_LOGS`;
/*!40101 SET @saved_cs_client     = @@character_set_client */;
/*!50503 SET character_set_client = utf8mb4 */;
CREATE TABLE `TBL_SYS_LOGS` (
  `DATACRIACAO` datetime NOT NULL,
  `IPCLIENTE` varchar(20) CHARACTER SET utf8 COLLATE utf8_general_ci NOT NULL,
  `USUARIO` int NOT NULL,
  `AUTENTICACAO` int NOT NULL,
  `SESSAO` int NOT NULL,
  `ENTIDADE` varchar(100) CHARACTER SET utf8 COLLATE utf8_general_ci NOT NULL,
  `ACAO` varchar(100) CHARACTER SET utf8 COLLATE utf8_general_ci NOT NULL,
  `CHAVE_REGISTRO` int DEFAULT NULL,
  KEY `LOG_USUARIO` (`USUARIO`),
  KEY `LOG_SESSAO` (`SESSAO`),
  KEY `ENTIDADE` (`ENTIDADE`),
  KEY `ACAO` (`ACAO`),
  KEY `AUTENTICACAO` (`AUTENTICACAO`),
  CONSTRAINT `TBL_SYS_LOGS_ibfk_1` FOREIGN KEY (`SESSAO`) REFERENCES `TBL_SESSOES` (`CODIGO`),
  CONSTRAINT `TBL_SYS_LOGS_ibfk_2` FOREIGN KEY (`USUARIO`) REFERENCES `TBL_USUARIOS` (`CODIGO`)
) ENGINE=InnoDB DEFAULT CHARSET=utf8mb3;
/*!40101 SET character_set_client = @saved_cs_client */;

--
-- Dumping data for table `TBL_SYS_LOGS`
--

LOCK TABLES `TBL_SYS_LOGS` WRITE;
/*!40000 ALTER TABLE `TBL_SYS_LOGS` DISABLE KEYS */;
INSERT INTO `TBL_SYS_LOGS` VALUES ('2020-12-07 16:14:34','192.168.137.1',1,0,21,'SISTEMA','EXIBIR_ERRO',NULL),('2020-12-07 16:59:38','192.168.137.1',1,0,21,'SISTEMA','EXIBIR_ERRO',NULL),('2020-12-07 17:00:28','192.168.137.1',1,0,21,'SISTEMA','EXIBIR_ERRO',NULL),('2020-12-07 17:08:53','192.168.137.1',1,0,21,'SISTEMA','EXIBIR_ERRO',NULL),('2020-12-07 23:07:50','192.168.137.1',1,0,21,'SISTEMA','LOGAR',NULL),('2020-12-07 23:08:09','192.168.137.1',1,0,21,'SISTEMA','LOGAR',NULL),('2020-12-07 23:08:16','192.168.137.1',1,0,21,'MENU','EDITAR',NULL),('2020-12-07 23:08:37','192.168.137.1',1,0,21,'MENU','CONSULTAR',3),('2020-12-07 23:09:25','192.168.137.1',1,0,21,'MENU','CONSULTAR',3),('2020-12-07 23:09:26','192.168.137.1',1,0,21,'MENU','CONSULTAR',5),('2020-12-07 23:09:30','192.168.137.1',1,0,21,'MENU','CONSULTAR',3),('2020-12-08 09:52:59','192.168.137.1',1,0,21,'MENU','EDITAR',NULL),('2020-12-08 09:53:04','192.168.137.1',1,0,21,'MENU','CONSULTAR',3),('2020-12-08 09:53:11','192.168.137.1',1,0,21,'MENU','ORDEM_MUDAR',3),('2020-12-08 09:53:11','192.168.137.1',1,0,21,'MENU','CONSULTAR',3),('2020-12-08 09:53:16','192.168.137.1',1,0,21,'MENU','ALTERAR',3),('2020-12-08 09:53:16','192.168.137.1',1,0,21,'MENU','CONSULTAR',3),('2020-12-08 09:53:32','192.168.137.1',1,0,21,'MENU','ALTERAR',3),('2020-12-08 09:53:33','192.168.137.1',1,0,21,'MENU','CONSULTAR',3),('2020-12-08 10:50:54','192.168.137.1',1,0,21,'MENU','EDITAR',NULL),('2020-12-08 10:54:08','192.168.137.1',1,0,21,'MENU','INCLUIR',NULL),('2020-12-08 10:54:08','192.168.137.1',1,0,21,'MENU','CONSULTAR',0),('2020-12-08 10:54:44','192.168.137.1',1,0,21,'MENU','EDITAR',NULL),('2020-12-08 10:54:47','192.168.137.1',1,0,21,'MENU','CONSULTAR',3),('2020-12-08 10:55:42','192.168.137.1',1,0,21,'SISTEMA','LOGAR',NULL),('2020-12-08 10:59:01','192.168.137.1',1,0,21,'SISTEMA','LOGAR',NULL),('2020-12-08 10:59:11','192.168.137.1',1,0,21,'SISTEMA','LOGAR',NULL),('2020-12-08 10:59:27','192.168.137.1',1,0,21,'MENU','EDITAR',NULL),('2020-12-08 10:59:52','192.168.137.1',1,0,21,'MENU','INCLUIR',NULL),('2020-12-08 11:01:14','192.168.137.1',1,0,21,'MENU','INCLUIR',NULL),('2020-12-08 11:02:37','192.168.137.1',1,0,21,'MENU','INCLUIR',NULL),('2020-12-08 11:06:21','192.168.137.1',1,0,21,'MENU','INCLUIR',NULL),('2020-12-08 11:06:39','192.168.137.1',1,0,21,'MENU','INCLUIR',NULL),('2020-12-08 11:07:38','192.168.137.1',1,0,21,'MENU','INCLUIR',NULL),('2020-12-08 11:08:25','192.168.137.1',1,0,21,'MENU','INCLUIR',NULL),('2020-12-08 11:09:08','192.168.137.1',1,0,21,'MENU','INCLUIR',NULL),('2020-12-08 11:09:24','192.168.137.1',1,0,21,'MENU','INCLUIR',NULL),('2020-12-08 11:10:19','192.168.137.1',1,0,21,'MENU','INCLUIR',NULL),('2020-12-08 11:10:28','192.168.137.1',1,0,21,'MENU','INCLUIR',NULL),('2020-12-08 11:10:29','192.168.137.1',1,0,21,'MENU','CONSULTAR',0),('2020-12-08 11:10:39','192.168.137.1',1,0,21,'MENU','EDITAR',NULL),('2020-12-08 11:10:40','192.168.137.1',1,0,21,'MENU','EDITAR',NULL),('2020-12-08 11:11:17','192.168.137.1',1,0,21,'MENU','INCLUIR',NULL),('2020-12-08 11:11:50','192.168.137.1',1,0,21,'MENU','INCLUIR',NULL),('2020-12-08 11:14:02','192.168.137.1',1,0,21,'MENU','INCLUIR',NULL),('2020-12-08 11:17:59','192.168.137.1',1,0,21,'MENU','INCLUIR',NULL),('2020-12-08 11:18:47','192.168.137.1',1,0,21,'MENU','INCLUIR',NULL),('2020-12-08 11:21:14','192.168.137.1',1,0,21,'MENU','INCLUIR',NULL),('2020-12-08 11:23:03','192.168.137.1',1,0,21,'MENU','INCLUIR',NULL),('2020-12-08 11:23:42','192.168.137.1',1,0,21,'MENU','INCLUIR',NULL),('2020-12-08 11:24:02','192.168.137.1',1,0,21,'MENU','INCLUIR',NULL),('2020-12-08 11:24:17','192.168.137.1',1,0,21,'MENU','INCLUIR',NULL),('2020-12-08 11:25:02','192.168.137.1',1,0,21,'MENU','INCLUIR',NULL),('2020-12-08 11:25:43','192.168.137.1',1,0,21,'MENU','INCLUIR',NULL),('2020-12-08 11:25:54','192.168.137.1',1,0,21,'MENU','INCLUIR',NULL),('2020-12-08 11:26:01','192.168.137.1',1,0,21,'MENU','INCLUIR',NULL),('2020-12-08 11:26:18','192.168.137.1',1,0,21,'MENU','INCLUIR',NULL),('2020-12-08 11:26:39','192.168.137.1',1,0,21,'MENU','INCLUIR',NULL),('2020-12-08 11:27:15','192.168.137.1',1,0,21,'MENU','INCLUIR',NULL),('2020-12-08 11:30:53','192.168.137.1',1,0,21,'MENU','INCLUIR',NULL),('2020-12-08 11:31:04','192.168.137.1',1,0,21,'MENU','INCLUIR',NULL),('2020-12-08 11:35:46','192.168.137.1',1,0,21,'MENU','INCLUIR',NULL),('2020-12-08 12:15:28','192.168.137.1',1,0,21,'MENU','INCLUIR',NULL),('2020-12-08 12:15:45','192.168.137.1',1,0,21,'MENU','INCLUIR',NULL),('2020-12-08 12:20:21','192.168.137.1',1,0,21,'MENU','INCLUIR',NULL),('2020-12-08 12:21:06','192.168.137.1',1,0,21,'MENU','INCLUIR',NULL),('2020-12-08 12:23:19','192.168.137.1',1,0,21,'MENU','INCLUIR',NULL),('2020-12-08 12:23:53','192.168.137.1',1,0,21,'MENU','INCLUIR',NULL),('2020-12-08 12:24:04','192.168.137.1',1,0,21,'MENU','INCLUIR',NULL),('2020-12-08 12:25:04','192.168.137.1',1,0,21,'MENU','INCLUIR',NULL),('2020-12-08 12:25:30','192.168.137.1',1,0,21,'MENU','INCLUIR',NULL),('2020-12-08 12:27:07','192.168.137.1',1,0,21,'MENU','EDITAR',NULL),('2020-12-08 12:27:14','192.168.137.1',1,0,21,'MENU','CONSULTAR',6),('2020-12-08 12:28:32','192.168.137.1',1,0,21,'PERMISSAO','PESQUISAR',NULL),('2020-12-08 12:35:14','192.168.137.1',1,0,21,'PERMISSAO','PESQUISAR',NULL),('2020-12-08 12:38:03','192.168.137.1',1,0,21,'PERMISSAO','PESQUISAR',NULL),('2020-12-08 12:39:26','192.168.137.1',1,0,21,'PERMISSAO','PESQUISAR',NULL),('2020-12-08 12:40:07','192.168.137.1',1,0,21,'PERMISSAO','PESQUISAR',NULL),('2020-12-08 12:40:31','192.168.137.1',1,0,21,'PERMISSAO','PESQUISAR',NULL),('2020-12-08 12:40:33','192.168.137.1',1,0,21,'PERMISSAO','PESQUISAR',1),('2020-12-08 13:39:24','192.168.137.1',1,0,21,'PERMISSAO','PESQUISAR',NULL),('2020-12-08 13:41:00','192.168.137.1',1,0,21,'PERMISSAO','PESQUISAR',NULL),('2020-12-08 13:41:21','192.168.137.1',1,0,21,'PERMISSAO','PESQUISAR',NULL),('2020-12-08 13:41:24','192.168.137.1',1,0,21,'PERMISSAO','PESQUISAR',1),('2020-12-08 13:46:48','192.168.137.1',1,0,21,'PERMISSAO','INCLUIR',1),('2020-12-08 13:46:48','192.168.137.1',1,0,21,'PERMISSAO','PESQUISAR',1),('2020-12-08 13:46:58','192.168.137.1',1,0,21,'PERMISSAO','INCLUIR',1),('2020-12-08 13:46:58','192.168.137.1',1,0,21,'PERMISSAO','PESQUISAR',1),('2020-12-08 13:47:02','192.168.137.1',1,0,21,'PERMISSAO','PESQUISAR',NULL),('2020-12-08 13:47:04','192.168.137.1',1,0,21,'PERMISSAO','PESQUISAR',1),('2020-12-08 13:47:07','192.168.137.1',1,0,21,'PERMISSAO','INCLUIR',1),('2020-12-08 13:47:07','192.168.137.1',1,0,21,'PERMISSAO','PESQUISAR',1),('2020-12-08 13:47:10','192.168.137.1',1,0,21,'PERMISSAO','PESQUISAR',NULL),('2020-12-08 13:47:12','192.168.137.1',1,0,21,'PERMISSAO','PESQUISAR',1),('2020-12-08 13:47:32','192.168.137.1',1,0,21,'MENU','EDITAR',NULL),('2020-12-08 13:57:26','192.168.137.1',1,0,21,'MENU','INCLUIR',NULL),('2020-12-08 13:57:26','192.168.137.1',1,0,21,'MENU','CONSULTAR',7),('2020-12-08 13:57:39','192.168.137.1',1,0,21,'MENU','EDITAR',NULL),('2020-12-08 14:05:25','192.168.137.1',1,0,21,'PERMISSAO','PESQUISAR',NULL),('2020-12-08 14:05:27','192.168.137.1',1,0,21,'PERMISSAO','PESQUISAR',1),('2020-12-08 14:05:38','192.168.137.1',1,0,21,'PERMISSAO','INCLUIR',1),('2020-12-08 14:05:38','192.168.137.1',1,0,21,'PERMISSAO','PESQUISAR',1),('2020-12-08 14:05:41','192.168.137.1',1,0,21,'PERMISSAO','PESQUISAR',NULL),('2020-12-08 14:05:43','192.168.137.1',1,0,21,'PERMISSAO','PESQUISAR',1),('2020-12-08 14:05:47','192.168.137.1',1,0,21,'MENU','EDITAR',NULL),('2020-12-08 14:06:29','192.168.137.1',1,0,21,'MENU','INCLUIR',NULL),('2020-12-08 14:08:50','192.168.137.1',1,0,21,'MENU','EDITAR',NULL),('2020-12-08 14:08:52','192.168.137.1',1,0,21,'MENU','CONSULTAR',8),('2020-12-08 14:09:08','192.168.137.1',1,0,21,'MENU','ALTERAR',8),('2020-12-08 14:10:22','192.168.137.1',1,0,21,'MENU','EDITAR',NULL),('2020-12-08 14:10:31','192.168.137.1',1,0,21,'ENTIDADEACAO','PESQUISAR',NULL),('2020-12-08 14:10:37','192.168.137.1',1,0,21,'ENTIDADEACAO','CONSULTAR_ENTIDADE',NULL),('2020-12-08 14:12:18','192.168.137.1',1,0,21,'ENTIDADEACAO','CONSULTAR_ENTIDADE',NULL),('2020-12-08 14:12:18','192.168.137.1',1,0,21,'ENTIDADEACAO','LISTAR_ACAO',NULL),('2020-12-08 14:12:21','192.168.137.1',1,0,21,'ENTIDADEACAO','CONSULTAR_ENTIDADE',NULL),('2020-12-08 14:12:21','192.168.137.1',1,0,21,'ENTIDADEACAO','LISTAR_ACAO',NULL),('2020-12-08 14:21:44','192.168.137.1',1,0,21,'SISTEMA','EXIBIR_ERRO',NULL),('2020-12-08 14:21:48','192.168.137.1',1,0,21,'SISTEMA','EXIBIR_ERRO',NULL),('2020-12-08 14:22:11','192.168.137.1',1,0,21,'ENTIDADEACAO','INCLUIR_ENTIDADE',NULL),('2020-12-08 14:33:17','192.168.137.1',1,0,21,'MENU','EDITAR',NULL),('2020-12-08 14:33:33','192.168.137.1',1,0,21,'MENU','CONSULTAR',4),('2020-12-08 14:33:37','192.168.137.1',1,0,21,'MENU','ALTERAR',4),('2020-12-08 14:33:37','192.168.137.1',1,0,21,'MENU','CONSULTAR',4),('2020-12-08 14:33:45','192.168.137.1',1,0,21,'MENU','CONSULTAR',4),('2020-12-08 14:33:49','192.168.137.1',1,0,21,'MENU','ORDEM_MUDAR',4),('2020-12-08 14:33:49','192.168.137.1',1,0,21,'MENU','CONSULTAR',4),('2020-12-08 14:36:05','192.168.137.1',1,0,21,'ENTIDADEACAO','PESQUISAR',NULL),('2020-12-08 14:36:08','192.168.137.1',1,0,21,'ENTIDADEACAO','CONSULTAR_ENTIDADE',NULL),('2020-12-08 14:36:08','192.168.137.1',1,0,21,'ENTIDADEACAO','LISTAR_ACAO',NULL),('2020-12-08 14:36:10','192.168.137.1',1,0,21,'ENTIDADEACAO','CONSULTAR_ENTIDADE',NULL),('2020-12-08 14:36:11','192.168.137.1',1,0,21,'ENTIDADEACAO','LISTAR_ACAO',NULL),('2020-12-08 14:36:14','192.168.137.1',1,0,21,'ENTIDADEACAO','INCLUIR_ENTIDADE',NULL),('2020-12-08 14:36:37','192.168.137.1',1,0,21,'PERMISSAO','PESQUISAR',NULL),('2020-12-08 14:36:40','192.168.137.1',1,0,21,'PERMISSAO','PESQUISAR',1),('2020-12-08 14:37:05','192.168.137.1',1,0,21,'ENTIDADEACAO','PESQUISAR',NULL),('2020-12-08 14:37:08','192.168.137.1',1,0,21,'ENTIDADEACAO','CONSULTAR_ENTIDADE',NULL),('2020-12-08 14:37:09','192.168.137.1',1,0,21,'ENTIDADEACAO','LISTAR_ACAO',NULL),('2020-12-08 14:37:12','192.168.137.1',1,0,21,'ENTIDADEACAO','INCLUIR_ACAO',NULL),('2020-12-08 14:38:06','192.168.137.1',1,0,21,'ENTIDADEACAO','INCLUIR_ACAO',NULL),('2020-12-08 14:42:12','192.168.137.1',1,0,21,'ENTIDADEACAO','INCLUIR_ACAO',NULL),('2020-12-08 14:42:24','192.168.137.1',1,0,21,'PERMISSAO','PESQUISAR',NULL),('2020-12-08 14:42:26','192.168.137.1',1,0,21,'PERMISSAO','PESQUISAR',1),('2020-12-08 14:42:32','192.168.137.1',1,0,21,'ENTIDADEACAO','PESQUISAR',NULL),('2020-12-08 14:42:34','192.168.137.1',1,0,21,'ENTIDADEACAO','CONSULTAR_ENTIDADE',NULL),('2020-12-08 14:42:34','192.168.137.1',1,0,21,'ENTIDADEACAO','LISTAR_ACAO',NULL),('2020-12-08 14:42:36','192.168.137.1',1,0,21,'ENTIDADEACAO','VISUALIZAR_ARQUIVO',NULL),('2020-12-08 14:42:49','192.168.137.1',1,0,21,'ENTIDADEACAO','INCLUIR_ACAO',NULL),('2020-12-08 14:43:03','192.168.137.1',1,0,21,'ENTIDADEACAO','INCLUIR_ACAO',NULL),('2020-12-08 14:43:20','192.168.137.1',1,0,21,'ENTIDADEACAO','LISTAR_ACAO',NULL),('2020-12-08 14:43:21','192.168.137.1',1,0,21,'ENTIDADEACAO','INCLUIR_ACAO',NULL),('2020-12-08 14:43:33','192.168.137.1',1,0,21,'ENTIDADEACAO','INCLUIR_ACAO',NULL),('2020-12-08 14:43:34','192.168.137.1',1,0,21,'ENTIDADEACAO','LISTAR_ACAO',NULL),('2020-12-08 14:43:36','192.168.137.1',1,0,21,'ENTIDADEACAO','INCLUIR_ACAO',NULL),('2020-12-08 14:43:46','192.168.137.1',1,0,21,'ENTIDADEACAO','INCLUIR_ACAO',NULL),('2020-12-08 14:43:51','192.168.137.1',1,0,21,'ENTIDADEACAO','LISTAR_ACAO',NULL),('2020-12-08 14:43:55','192.168.137.1',1,0,21,'ENTIDADEACAO','INCLUIR_ACAO',NULL),('2020-12-08 14:44:10','192.168.137.1',1,0,21,'ENTIDADEACAO','INCLUIR_ACAO',NULL),('2020-12-08 14:44:12','192.168.137.1',1,0,21,'ENTIDADEACAO','INCLUIR_ENTIDADE',NULL),('2020-12-08 14:44:15','192.168.137.1',1,0,21,'ENTIDADEACAO','LISTAR_ACAO',NULL),('2020-12-08 14:44:17','192.168.137.1',1,0,21,'ENTIDADEACAO','INCLUIR_ACAO',NULL),('2020-12-08 14:44:30','192.168.137.1',1,0,21,'ENTIDADEACAO','INCLUIR_ACAO',NULL),('2020-12-08 14:44:35','192.168.137.1',1,0,21,'ENTIDADEACAO','LISTAR_ACAO',NULL),('2020-12-08 14:44:42','192.168.137.1',1,0,21,'ENTIDADEACAO','EDITAR_ARQUIVO',NULL),('2020-12-08 14:44:54','192.168.137.1',1,0,21,'ENTIDADEACAO','EDITAR_ARQUIVO',NULL),('2020-12-08 14:45:00','192.168.137.1',1,0,21,'ENTIDADEACAO','CRIAR_ARQUIVO',NULL),('2020-12-08 14:47:38','192.168.137.1',1,0,21,'ENTIDADEACAO','INCLUIR_ENTIDADE',NULL),('2020-12-08 14:56:35','192.168.137.1',1,0,21,'ENTIDADEACAO','INCLUIR_ENTIDADE',NULL),('2020-12-08 14:58:18','192.168.137.1',1,0,21,'ENTIDADEACAO','INCLUIR_ENTIDADE',NULL),('2020-12-08 14:58:50','192.168.137.1',1,0,21,'ENTIDADEACAO','INCLUIR_ENTIDADE',NULL),('2020-12-08 15:00:47','192.168.137.1',1,0,21,'ENTIDADEACAO','INCLUIR_ENTIDADE',NULL),('2020-12-08 15:01:08','192.168.137.1',1,0,21,'ENTIDADEACAO','INCLUIR_ENTIDADE',NULL),('2020-12-08 17:06:11','192.168.137.1',1,0,21,'ENTIDADEACAO','PESQUISAR',NULL),('2020-12-08 17:06:16','192.168.137.1',1,0,21,'ENTIDADEACAO','INCLUIR_ENTIDADE',NULL),('2020-12-08 17:06:24','192.168.137.1',1,0,21,'ENTIDADEACAO','PESQUISAR',NULL),('2020-12-08 17:06:27','192.168.137.1',1,0,21,'ENTIDADEACAO','CONSULTAR_ENTIDADE',NULL),('2020-12-08 17:06:27','192.168.137.1',1,0,21,'ENTIDADEACAO','LISTAR_ACAO',NULL),('2020-12-08 17:07:04','192.168.137.1',1,0,21,'ENTIDADEACAO','CONSULTAR_ENTIDADE',NULL),('2020-12-08 17:07:04','192.168.137.1',1,0,21,'ENTIDADEACAO','LISTAR_ACAO',NULL),('2020-12-08 17:07:31','192.168.137.1',1,0,21,'ENTIDADEACAO','INCLUIR_ACAO',NULL),('2020-12-08 17:07:35','192.168.137.1',1,0,21,'ENTIDADEACAO','LISTAR_ACAO',NULL),('2020-12-08 17:08:45','192.168.137.1',1,0,21,'PERMISSAO','PESQUISAR',NULL),('2020-12-08 17:08:48','192.168.137.1',1,0,21,'PERMISSAO','PESQUISAR',1),('2020-12-08 17:08:52','192.168.137.1',1,0,21,'ENTIDADEACAO','PESQUISAR',NULL),('2020-12-08 18:11:28','192.168.137.1',1,0,21,'SISTEMA','LOGAR',NULL),('2020-12-08 18:11:29','192.168.137.1',1,0,21,'SISTEMA','LOGAR',NULL),('2020-12-08 18:26:23','192.168.137.1',1,0,21,'MENU','EDITAR',NULL),('2020-12-08 20:49:54','192.168.137.1',1,0,21,'MENU','EDITAR',NULL),('2020-12-08 20:49:57','192.168.137.1',1,0,21,'PERMISSAO','PESQUISAR',NULL),('2020-12-08 20:49:59','192.168.137.1',1,0,21,'PERMISSAO','PESQUISAR',1),('2021-01-05 14:00:35','192.168.137.1',1,0,21,'ENTIDADEACAO','PESQUISAR',NULL),('2021-01-05 14:00:41','192.168.137.1',1,0,21,'ENTIDADEACAO','INCLUIR_ENTIDADE',NULL),('2021-01-05 14:00:51','192.168.137.1',1,0,21,'ENTIDADEACAO','INCLUIR_ENTIDADE',NULL),('2021-01-05 14:00:55','192.168.137.1',1,0,21,'ENTIDADEACAO','CONSULTAR_ENTIDADE',NULL),('2021-01-05 14:00:55','192.168.137.1',1,0,21,'ENTIDADEACAO','LISTAR_ACAO',NULL),('2021-01-14 14:02:45','192.168.137.1',1,0,21,'ENTIDADEACAO','PESQUISAR',NULL),('2021-01-14 14:02:48','192.168.137.1',1,0,21,'ENTIDADEACAO','CONSULTAR_ENTIDADE',NULL),('2021-01-14 14:02:49','192.168.137.1',1,0,21,'ENTIDADEACAO','LISTAR_ACAO',NULL),('2021-01-14 14:02:59','192.168.137.1',1,0,21,'ENTIDADEACAO','VISUALIZAR_ARQUIVO',NULL),('2021-01-14 14:03:05','192.168.137.1',1,0,21,'ENTIDADEACAO','EDITAR_ARQUIVO',NULL),('2021-01-14 14:03:32','192.168.137.1',1,0,21,'ENTIDADEACAO','EDITAR_ARQUIVO',NULL),('2021-01-15 14:15:38','192.168.137.1',1,0,21,'ENTIDADEACAO','PESQUISAR',NULL),('2021-01-15 14:15:40','192.168.137.1',1,0,21,'ENTIDADEACAO','INCLUIR_ENTIDADE',NULL),('2021-01-15 14:15:52','192.168.137.1',1,0,21,'ENTIDADEACAO','PESQUISAR',NULL),('2021-01-15 14:16:01','192.168.137.1',1,0,21,'MENU','EDITAR',NULL),('2021-01-15 14:18:09','192.168.137.1',1,0,21,'ENTIDADEACAO','PESQUISAR',NULL),('2021-01-15 14:18:12','192.168.137.1',1,0,21,'ENTIDADEACAO','CONSULTAR_ENTIDADE',NULL),('2021-01-15 14:18:12','192.168.137.1',1,0,21,'ENTIDADEACAO','LISTAR_ACAO',NULL),('2021-01-15 14:18:59','192.168.137.1',1,0,21,'ENTIDADEACAO','VISUALIZAR_ARQUIVO',NULL),('2021-01-15 14:19:15','192.168.137.1',1,0,21,'ENTIDADEACAO','VISUALIZAR_ARQUIVO',NULL),('2021-01-15 14:19:32','192.168.137.1',1,0,21,'ENTIDADEACAO','EDITAR_ARQUIVO',NULL),('2021-01-15 14:22:16','192.168.137.1',1,0,21,'ENTIDADEACAO','EDITAR_ARQUIVO',NULL),('2021-01-15 14:23:34','192.168.137.1',1,0,21,'MENU','EDITAR',NULL),('2021-01-15 14:26:24','192.168.137.1',1,0,21,'ENTIDADEACAO','PESQUISAR',NULL),('2021-01-15 14:26:27','192.168.137.1',1,0,21,'ENTIDADEACAO','CONSULTAR_ENTIDADE',NULL),('2021-01-15 14:26:27','192.168.137.1',1,0,21,'ENTIDADEACAO','LISTAR_ACAO',NULL),('2021-01-15 14:26:42','192.168.137.1',1,0,21,'ENTIDADEACAO','INCLUIR_ACAO',NULL),('2021-01-15 14:26:56','192.168.137.1',1,0,21,'ENTIDADEACAO','INCLUIR_ACAO',NULL),('2021-01-15 14:27:02','192.168.137.1',1,0,21,'ENTIDADEACAO','CONSULTAR_ENTIDADE',NULL),('2021-01-15 14:27:02','192.168.137.1',1,0,21,'ENTIDADEACAO','LISTAR_ACAO',NULL),('2021-01-15 14:27:04','192.168.137.1',1,0,21,'ENTIDADEACAO','CONSULTAR_ENTIDADE',NULL),('2021-01-15 14:27:04','192.168.137.1',1,0,21,'ENTIDADEACAO','LISTAR_ACAO',NULL),('2021-01-15 14:27:33','192.168.137.1',1,0,21,'ENTIDADEACAO','PESQUISAR',NULL),('2021-01-15 14:27:36','192.168.137.1',1,0,21,'MENU','EDITAR',NULL),('2021-01-15 14:27:40','192.168.137.1',1,0,21,'MENU','CONSULTAR',7),('2021-01-15 14:27:44','192.168.137.1',1,0,21,'MENU','EDITAR',NULL),('2021-01-15 14:28:12','192.168.137.1',1,0,21,'MENU','INCLUIR',NULL),('2021-01-15 14:28:12','192.168.137.1',1,0,21,'MENU','CONSULTAR',9),('2021-01-15 14:28:21','192.168.137.1',1,0,21,'SISTEMA','TABELAS',NULL),('2021-01-15 14:28:35','192.168.137.1',1,0,21,'SISTEMA','TABELAS',NULL),('2021-01-15 14:28:55','192.168.137.1',1,0,21,'SISTEMA','TABELAS',NULL),('2021-01-15 14:29:57','192.168.137.1',1,0,21,'SISTEMA','TABELAS',NULL),('2021-01-15 14:29:59','192.168.137.1',1,0,21,'SISTEMA','EXIBIR_ERRO',NULL),('2021-01-15 14:30:11','192.168.137.1',1,0,21,'ENTIDADEACAO','PESQUISAR',NULL),('2021-01-15 14:30:19','192.168.137.1',1,0,21,'ENTIDADEACAO','CONSULTAR_ENTIDADE',NULL),('2021-01-15 14:30:19','192.168.137.1',1,0,21,'ENTIDADEACAO','LISTAR_ACAO',NULL),('2021-01-15 14:30:26','192.168.137.1',1,0,21,'ENTIDADEACAO','INCLUIR_ACAO',NULL),('2021-01-15 14:30:41','192.168.137.1',1,0,21,'ENTIDADEACAO','INCLUIR_ACAO',NULL),('2021-01-15 14:30:50','192.168.137.1',1,0,21,'SISTEMA','TABELAS',NULL),('2021-01-15 14:30:52','192.168.137.1',1,0,21,'SISTEMA','CRIAR_TABELA',NULL),('2021-01-15 14:31:16','192.168.137.1',1,0,21,'SISTEMA','EXIBIR_ERRO',NULL),('2021-01-15 14:31:38','192.168.137.1',1,0,21,'ENTIDADEACAO','PESQUISAR',NULL),('2021-01-15 14:31:41','192.168.137.1',1,0,21,'ENTIDADEACAO','CONSULTAR_ENTIDADE',NULL),('2021-01-15 14:31:41','192.168.137.1',1,0,21,'ENTIDADEACAO','LISTAR_ACAO',NULL),('2021-01-15 14:31:42','192.168.137.1',1,0,21,'ENTIDADEACAO','INCLUIR_ACAO',NULL),('2021-01-15 14:31:50','192.168.137.1',1,0,21,'ENTIDADEACAO','INCLUIR_ACAO',NULL),('2021-01-15 14:31:58','192.168.137.1',1,0,21,'SISTEMA','TABELAS',NULL),('2021-01-15 14:32:00','192.168.137.1',1,0,21,'SISTEMA','CRIAR_TABELA',NULL),('2021-01-15 14:32:08','192.168.137.1',1,0,21,'SISTEMA','TABELA_CARREGAR_CSV',NULL),('2021-01-15 14:54:51','192.168.137.1',1,0,21,'ENTIDADEACAO','PESQUISAR',NULL),('2021-01-15 14:54:57','192.168.137.1',1,0,21,'ENTIDADEACAO','INCLUIR_ENTIDADE',NULL),('2021-01-15 14:55:05','192.168.137.1',1,0,21,'ENTIDADEACAO','INCLUIR_ENTIDADE',NULL),('2021-01-15 14:55:09','192.168.137.1',1,0,21,'ENTIDADEACAO','CONSULTAR_ENTIDADE',NULL),('2021-01-15 14:55:09','192.168.137.1',1,0,21,'ENTIDADEACAO','LISTAR_ACAO',NULL),('2021-01-15 14:55:20','192.168.137.1',1,0,21,'ENTIDADEACAO','CONSULTAR_ENTIDADE',NULL),('2021-01-15 14:55:20','192.168.137.1',1,0,21,'ENTIDADEACAO','CRIAR_DIRETORIO',NULL),('2021-01-15 14:55:20','192.168.137.1',1,0,21,'ENTIDADEACAO','LISTAR_ACAO',NULL),('2021-01-15 14:55:22','192.168.137.1',1,0,21,'ENTIDADEACAO','CONSULTAR_ENTIDADE',NULL),('2021-01-15 14:55:22','192.168.137.1',1,0,21,'ENTIDADEACAO','CRIAR_DIRETORIO',NULL),('2021-01-15 14:55:22','192.168.137.1',1,0,21,'ENTIDADEACAO','LISTAR_ACAO',NULL),('2021-01-15 14:55:24','192.168.137.1',1,0,21,'ENTIDADEACAO','CRIAR_DIRETORIO',NULL),('2021-01-15 14:55:25','192.168.137.1',1,0,21,'ENTIDADEACAO','CONSULTAR_ENTIDADE',NULL),('2021-01-15 14:55:25','192.168.137.1',1,0,21,'ENTIDADEACAO','LISTAR_ACAO',NULL),('2021-01-15 14:55:27','192.168.137.1',1,0,21,'ENTIDADEACAO','CRIAR_DIRETORIO',NULL),('2021-01-15 14:55:27','192.168.137.1',1,0,21,'ENTIDADEACAO','CONSULTAR_ENTIDADE',NULL),('2021-01-15 14:55:27','192.168.137.1',1,0,21,'ENTIDADEACAO','LISTAR_ACAO',NULL),('2021-01-15 15:03:38','192.168.137.1',1,0,21,'ENTIDADEACAO','CRIAR_ARQUIVO',NULL),('2021-01-15 15:03:43','192.168.137.1',1,0,21,'ENTIDADEACAO','IMPORTAR_MODELO',NULL),('2021-01-15 15:06:10','192.168.137.1',1,0,21,'ENTIDADEACAO','IMPORTAR_MODELO',NULL),('2021-01-15 15:10:13','192.168.137.1',1,0,21,'ENTIDADEACAO','IMPORTAR_MODELO',NULL),('2021-01-15 15:11:56','192.168.137.1',1,0,21,'ENTIDADEACAO','SALVAR_ARQUIVO',NULL),('2021-01-15 15:12:15','192.168.137.1',1,0,21,'ENTIDADEACAO','CRIAR_ARQUIVO',NULL),('2021-01-15 15:12:19','192.168.137.1',1,0,21,'ENTIDADEACAO','IMPORTAR_MODELO',NULL),('2021-01-15 15:12:21','192.168.137.1',1,0,21,'ENTIDADEACAO','SALVAR_ARQUIVO',NULL),('2021-01-15 15:13:08','192.168.137.1',1,0,21,'ENTIDADEACAO','SALVAR_ARQUIVO',NULL),('2021-01-15 15:15:10','192.168.137.1',1,0,21,'ENTIDADEACAO','CONSULTAR_ENTIDADE',NULL),('2021-01-15 15:15:11','192.168.137.1',1,0,21,'ENTIDADEACAO','LISTAR_ACAO',NULL),('2021-01-15 15:15:12','192.168.137.1',1,0,21,'ENTIDADEACAO','CONSULTAR_ENTIDADE',NULL),('2021-01-15 15:15:12','192.168.137.1',1,0,21,'ENTIDADEACAO','LISTAR_ACAO',NULL),('2021-01-15 15:15:17','192.168.137.1',1,0,21,'ENTIDADEACAO','VISUALIZAR_ARQUIVO',NULL),('2021-01-15 15:15:24','192.168.137.1',1,0,21,'ENTIDADEACAO','CRIAR_ARQUIVO',NULL),('2021-01-15 15:15:27','192.168.137.1',1,0,21,'ENTIDADEACAO','IMPORTAR_MODELO',NULL),('2021-01-15 15:15:39','192.168.137.1',1,0,21,'ENTIDADEACAO','SALVAR_ARQUIVO',NULL),('2021-01-15 15:15:47','192.168.137.1',1,0,21,'ENTIDADEACAO','CRIAR_ARQUIVO',NULL),('2021-01-15 15:15:50','192.168.137.1',1,0,21,'ENTIDADEACAO','IMPORTAR_MODELO',NULL),('2021-01-18 15:00:29','192.168.137.1',1,0,21,'ENTIDADEACAO','IMPORTAR_MODELO',NULL),('2021-01-18 15:00:32','192.168.137.1',1,0,21,'ENTIDADEACAO','IMPORTAR_MODELO',NULL),('2021-01-18 15:01:16','192.168.137.1',1,0,21,'ENTIDADEACAO','CRIAR_ARQUIVO',NULL),('2021-01-18 15:01:19','192.168.137.1',1,0,21,'ENTIDADEACAO','IMPORTAR_MODELO',NULL),('2021-01-18 15:01:31','192.168.137.1',1,0,21,'ENTIDADEACAO','SALVAR_ARQUIVO',NULL),('2021-01-18 15:01:44','192.168.137.1',1,0,21,'ENTIDADEACAO','CONSULTAR_ENTIDADE',NULL),('2021-01-18 15:01:44','192.168.137.1',1,0,21,'ENTIDADEACAO','LISTAR_ACAO',NULL),('2021-01-18 15:01:45','192.168.137.1',1,0,21,'ENTIDADEACAO','CONSULTAR_ENTIDADE',NULL),('2021-01-18 15:01:45','192.168.137.1',1,0,21,'ENTIDADEACAO','LISTAR_ACAO',NULL),('2021-01-18 15:01:51','192.168.137.1',1,0,21,'ENTIDADEACAO','CRIAR_ARQUIVO',NULL),('2021-01-18 15:01:54','192.168.137.1',1,0,21,'ENTIDADEACAO','IMPORTAR_MODELO',NULL),('2021-05-12 11:10:12','192.168.137.1',1,0,21,'ENTIDADEACAO','PESQUISAR',NULL),('2021-05-12 11:10:16','192.168.137.1',1,0,21,'ENTIDADEACAO','CONSULTAR_ENTIDADE',NULL),('2021-05-12 11:10:16','192.168.137.1',1,0,21,'ENTIDADEACAO','LISTAR_ACAO',NULL),('2021-05-12 11:10:17','192.168.137.1',1,0,21,'ENTIDADEACAO','INCLUIR_ENTIDADE',NULL),('2021-05-12 11:10:21','192.168.137.1',1,0,21,'ENTIDADEACAO','PESQUISAR',NULL),('2021-05-12 11:10:23','192.168.137.1',1,0,21,'ENTIDADEACAO','CONSULTAR_ENTIDADE',NULL),('2021-05-12 11:10:23','192.168.137.1',1,0,21,'ENTIDADEACAO','LISTAR_ACAO',NULL),('2021-05-12 11:10:26','192.168.137.1',1,0,21,'ENTIDADEACAO','VISUALIZAR_ARQUIVO',NULL),('2021-05-12 11:10:32','192.168.137.1',1,0,21,'ENTIDADEACAO','EDITAR_ARQUIVO',NULL),('2021-05-12 11:10:38','192.168.137.1',1,0,21,'ENTIDADEACAO','INCLUIR_ENTIDADE',NULL),('2021-05-12 11:10:45','192.168.137.1',1,0,21,'ENTIDADEACAO','PESQUISAR',NULL),('2021-05-12 11:10:47','192.168.137.1',1,0,21,'ENTIDADEACAO','CONSULTAR_ENTIDADE',NULL),('2021-05-12 11:10:47','192.168.137.1',1,0,21,'ENTIDADEACAO','LISTAR_ACAO',NULL),('2021-05-12 11:10:54','192.168.137.1',1,0,21,'ENTIDADEACAO','EDITAR_ARQUIVO',NULL),('2021-05-12 11:11:02','192.168.137.1',1,0,21,'ENTIDADEACAO','INCLUIR_ENTIDADE',NULL),('2021-05-12 11:13:09','192.168.137.1',1,0,21,'ENTIDADEACAO','PESQUISAR',NULL),('2021-05-12 11:13:10','192.168.137.1',1,0,21,'ENTIDADEACAO','INCLUIR_ENTIDADE',NULL),('2021-05-12 11:13:19','192.168.137.1',1,0,21,'ENTIDADEACAO','INCLUIR_ENTIDADE',NULL),('2021-05-12 11:13:22','192.168.137.1',1,0,21,'ENTIDADEACAO','CONSULTAR_ENTIDADE',NULL),('2021-05-12 11:13:22','192.168.137.1',1,0,21,'ENTIDADEACAO','LISTAR_ACAO',NULL),('2021-05-12 11:13:25','192.168.137.1',1,0,21,'ENTIDADEACAO','CRIAR_ARQUIVO',NULL),('2021-05-12 11:13:27','192.168.137.1',1,0,21,'ENTIDADEACAO','IMPORTAR_MODELO',NULL),('2021-05-12 14:46:30','192.168.137.1',1,0,21,'ENTIDADEACAO','PESQUISAR',NULL),('2021-05-12 14:46:32','192.168.137.1',1,0,21,'ENTIDADEACAO','CONSULTAR_ENTIDADE',NULL),('2021-05-12 14:46:32','192.168.137.1',1,0,21,'ENTIDADEACAO','LISTAR_ACAO',NULL),('2021-05-12 16:45:31','192.168.137.1',1,0,21,'ENTIDADEACAO','CONSULTAR_ENTIDADE',NULL),('2021-05-12 16:45:31','192.168.137.1',1,0,21,'ENTIDADEACAO','LISTAR_ACAO',NULL),('2021-05-12 16:45:33','192.168.137.1',1,0,21,'ENTIDADEACAO','CRIAR_ARQUIVO',NULL),('2021-05-12 16:45:37','192.168.137.1',1,0,21,'ENTIDADEACAO','CRIAR_DIRETORIO',NULL),('2021-05-12 16:45:38','192.168.137.1',1,0,21,'ENTIDADEACAO','CONSULTAR_ENTIDADE',NULL),('2021-05-12 16:45:38','192.168.137.1',1,0,21,'ENTIDADEACAO','LISTAR_ACAO',NULL),('2021-05-12 16:45:39','192.168.137.1',1,0,21,'ENTIDADEACAO','CRIAR_ARQUIVO',NULL),('2021-05-12 16:45:45','192.168.137.1',1,0,21,'ENTIDADEACAO','IMPORTAR_MODELO',NULL),('2021-05-12 17:07:06','192.168.137.1',1,0,21,'ENTIDADEACAO','CRIAR_ARQUIVO',NULL),('2021-05-12 17:08:32','192.168.137.1',1,0,21,'ENTIDADEACAO','CRIAR_ARQUIVO',NULL),('2021-05-12 17:08:49','192.168.137.1',1,0,21,'ENTIDADEACAO','CRIAR_ARQUIVO',NULL),('2021-05-12 17:08:52','192.168.137.1',1,0,21,'ENTIDADEACAO','IMPORTAR_MODELO',NULL),('2021-05-12 17:25:59','192.168.137.1',1,0,21,'ENTIDADEACAO','IMPORTAR_MODELO',NULL),('2021-05-12 17:26:25','192.168.137.1',1,0,21,'ENTIDADEACAO','IMPORTAR_MODELO',NULL),('2021-05-12 17:26:49','192.168.137.1',1,0,21,'ENTIDADEACAO','IMPORTAR_MODELO',NULL),('2021-05-12 17:26:51','192.168.137.1',1,0,21,'ENTIDADEACAO','IMPORTAR_MODELO',NULL),('2021-05-12 17:27:03','192.168.137.1',1,0,21,'ENTIDADEACAO','IMPORTAR_MODELO',NULL),('2021-05-12 17:27:42','192.168.137.1',1,0,21,'ENTIDADEACAO','PESQUISAR',NULL),('2021-05-12 17:27:46','192.168.137.1',1,0,21,'ENTIDADEACAO','CONSULTAR_ENTIDADE',NULL),('2021-05-12 17:27:46','192.168.137.1',1,0,21,'ENTIDADEACAO','LISTAR_ACAO',NULL),('2021-05-12 17:27:50','192.168.137.1',1,0,21,'ENTIDADEACAO','CRIAR_ARQUIVO',NULL),('2021-05-12 17:28:21','192.168.137.1',1,0,21,'ENTIDADEACAO','IMPORTAR_MODELO',NULL),('2021-05-12 17:28:23','192.168.137.1',1,0,21,'ENTIDADEACAO','IMPORTAR_MODELO',NULL),('2021-05-12 17:29:08','192.168.137.1',1,0,21,'ENTIDADEACAO','IMPORTAR_MODELO',NULL),('2021-05-12 17:29:18','192.168.137.1',1,0,21,'ENTIDADEACAO','IMPORTAR_MODELO',NULL),('2021-05-12 19:31:15','192.168.137.1',1,0,21,'ENTIDADEACAO','IMPORTAR_MODELO',NULL),('2021-05-12 19:31:17','192.168.137.1',1,0,21,'ENTIDADEACAO','IMPORTAR_MODELO',NULL),('2021-05-12 19:31:36','192.168.137.1',1,0,21,'ENTIDADEACAO','IMPORTAR_MODELO',NULL),('2021-05-12 19:31:41','192.168.137.1',1,0,21,'ENTIDADEACAO','IMPORTAR_MODELO',NULL),('2021-05-12 19:41:26','192.168.137.1',1,0,21,'ENTIDADEACAO','IMPORTAR_MODELO',NULL),('2021-05-12 19:41:28','192.168.137.1',1,0,21,'ENTIDADEACAO','IMPORTAR_MODELO',NULL),('2021-05-12 19:41:42','192.168.137.1',1,0,21,'ENTIDADEACAO','IMPORTAR_MODELO',NULL),('2021-05-12 19:41:49','192.168.137.1',1,0,21,'ENTIDADEACAO','IMPORTAR_MODELO',NULL),('2021-05-12 19:57:04','192.168.137.1',1,0,21,'ENTIDADEACAO','IMPORTAR_MODELO',NULL),('2021-05-12 19:57:20','192.168.137.1',1,0,21,'ENTIDADEACAO','IMPORTAR_MODELO',NULL),('2021-05-12 19:57:20','192.168.137.1',1,0,21,'ENTIDADEACAO','IMPORTAR_MODELO',NULL),('2021-05-12 19:57:21','192.168.137.1',1,0,21,'ENTIDADEACAO','IMPORTAR_MODELO',NULL),('2021-05-12 19:57:21','192.168.137.1',1,0,21,'ENTIDADEACAO','IMPORTAR_MODELO',NULL),('2021-05-12 19:57:34','192.168.137.1',1,0,21,'ENTIDADEACAO','IMPORTAR_MODELO',NULL),('2021-05-12 19:57:35','192.168.137.1',1,0,21,'ENTIDADEACAO','IMPORTAR_MODELO',NULL),('2021-05-12 19:58:01','192.168.137.1',1,0,21,'ENTIDADEACAO','IMPORTAR_MODELO',NULL),('2021-05-12 19:58:01','192.168.137.1',1,0,21,'ENTIDADEACAO','IMPORTAR_MODELO',NULL),('2021-05-12 19:58:01','192.168.137.1',1,0,21,'ENTIDADEACAO','IMPORTAR_MODELO',NULL),('2021-05-12 19:58:20','192.168.137.1',1,0,21,'ENTIDADEACAO','IMPORTAR_MODELO',NULL),('2021-05-12 19:58:48','192.168.137.1',1,0,21,'ENTIDADEACAO','IMPORTAR_MODELO',NULL),('2021-05-12 19:58:51','192.168.137.1',1,0,21,'ENTIDADEACAO','IMPORTAR_MODELO',NULL),('2021-05-12 20:00:20','192.168.137.1',1,0,21,'ENTIDADEACAO','IMPORTAR_MODELO',NULL),('2021-05-12 20:00:22','192.168.137.1',1,0,21,'ENTIDADEACAO','IMPORTAR_MODELO',NULL),('2021-05-12 21:18:31','192.168.137.1',1,0,21,'ENTIDADEACAO','IMPORTAR_MODELO',NULL),('2021-05-12 21:18:33','192.168.137.1',1,0,21,'ENTIDADEACAO','IMPORTAR_MODELO',NULL),('2021-05-12 21:18:44','192.168.137.1',1,0,21,'ENTIDADEACAO','IMPORTAR_MODELO',NULL),('2021-05-12 21:18:47','192.168.137.1',1,0,21,'ENTIDADEACAO','IMPORTAR_MODELO',NULL),('2021-05-12 21:19:30','192.168.137.1',1,0,21,'ENTIDADEACAO','IMPORTAR_MODELO',NULL),('2021-05-12 21:19:35','192.168.137.1',1,0,21,'ENTIDADEACAO','IMPORTAR_MODELO',NULL),('2021-05-12 21:24:11','192.168.137.1',1,0,21,'ENTIDADEACAO','IMPORTAR_MODELO',NULL),('2021-05-12 21:25:30','192.168.137.1',1,0,21,'ENTIDADEACAO','IMPORTAR_MODELO',NULL),('2021-05-12 21:25:31','192.168.137.1',1,0,21,'ENTIDADEACAO','IMPORTAR_MODELO',NULL),('2021-05-12 21:26:25','192.168.137.1',1,0,21,'ENTIDADEACAO','IMPORTAR_MODELO',NULL),('2021-05-12 21:26:27','192.168.137.1',1,0,21,'ENTIDADEACAO','IMPORTAR_MODELO',NULL),('2021-05-12 21:27:37','192.168.137.1',1,0,21,'ENTIDADEACAO','IMPORTAR_MODELO',NULL),('2021-05-12 21:27:40','192.168.137.1',1,0,21,'ENTIDADEACAO','IMPORTAR_MODELO',NULL),('2021-05-12 21:28:14','192.168.137.1',1,0,21,'ENTIDADEACAO','IMPORTAR_MODELO',NULL),('2021-05-12 21:28:18','192.168.137.1',1,0,21,'ENTIDADEACAO','IMPORTAR_MODELO',NULL),('2021-05-12 21:29:19','192.168.137.1',1,0,21,'ENTIDADEACAO','IMPORTAR_MODELO',NULL),('2021-05-12 21:29:21','192.168.137.1',1,0,21,'ENTIDADEACAO','IMPORTAR_MODELO',NULL),('2021-05-12 21:30:56','192.168.137.1',1,0,21,'ENTIDADEACAO','IMPORTAR_MODELO',NULL),('2021-05-12 21:30:57','192.168.137.1',1,0,21,'ENTIDADEACAO','IMPORTAR_MODELO',NULL),('2021-05-12 21:32:26','192.168.137.1',1,0,21,'ENTIDADEACAO','IMPORTAR_MODELO',NULL),('2021-05-12 21:32:30','192.168.137.1',1,0,21,'ENTIDADEACAO','IMPORTAR_MODELO',NULL),('2021-05-12 22:28:42','192.168.137.1',1,0,21,'ENTIDADEACAO','CONSULTAR_ENTIDADE',NULL),('2021-05-12 22:28:42','192.168.137.1',1,0,21,'ENTIDADEACAO','LISTAR_ACAO',NULL),('2021-05-13 14:50:09','192.168.137.1',1,0,21,'MENU','EDITAR',NULL),('2021-05-13 14:50:11','192.168.137.1',1,0,21,'ENTIDADEACAO','PESQUISAR',NULL),('2021-05-13 14:50:14','192.168.137.1',1,0,21,'ENTIDADEACAO','CONSULTAR_ENTIDADE',NULL),('2021-05-13 14:50:14','192.168.137.1',1,0,21,'ENTIDADEACAO','LISTAR_ACAO',NULL),('2021-05-13 18:01:23','192.168.137.1',1,0,21,'ENTIDADEACAO','PESQUISAR',NULL),('2021-05-13 18:01:26','192.168.137.1',1,0,21,'MENU','EDITAR',NULL),('2021-05-13 18:01:33','192.168.137.1',1,0,21,'MENU','EDITAR',NULL),('2021-05-13 18:01:48','192.168.137.1',1,0,21,'MENU','INCLUIR',NULL),('2021-05-13 18:01:48','192.168.137.1',1,0,21,'MENU','CONSULTAR',10),('2021-05-13 18:01:57','192.168.137.1',1,0,21,'MENU','EDITAR',NULL),('2021-05-15 10:53:55','192.168.137.1',1,0,21,'MENU','EDITAR',NULL),('2021-05-15 10:53:59','192.168.137.1',1,0,21,'ENTIDADEACAO','PESQUISAR',NULL),('2021-05-15 10:54:01','192.168.137.1',1,0,21,'ENTIDADEACAO','CONSULTAR_ENTIDADE',NULL),('2021-05-15 10:54:01','192.168.137.1',1,0,21,'ENTIDADEACAO','LISTAR_ACAO',NULL),('2023-01-05 18:57:43','192.168.1.8',1,0,64,'MENU','EDITAR',NULL),('2023-01-05 18:57:46','192.168.1.8',1,0,64,'PERMISSAO','PESQUISAR',NULL),('2023-01-05 19:00:10','192.168.1.8',1,0,64,'PERMISSAO','PESQUISAR',NULL),('2023-01-05 19:00:15','192.168.1.8',1,0,64,'ENTIDADEACAO','PESQUISAR',NULL),('2023-01-05 19:04:01','192.168.1.8',1,0,64,'ENTIDADEACAO','PESQUISAR',NULL),('2023-01-05 19:04:07','192.168.1.8',1,0,64,'SISTEMA','TABELAS',NULL),('2023-01-05 19:04:37','192.168.1.8',1,0,64,'MENU','EDITAR',NULL),('2023-01-05 19:33:49','192.168.1.10',1,0,65,'MENU','EDITAR',NULL),('2023-01-05 19:35:10','192.168.1.10',1,0,65,'MENU','EDITAR',NULL),('2023-01-05 19:35:14','192.168.1.10',1,0,65,'MENU','CONSULTAR',5),('2023-01-05 19:35:20','192.168.1.10',1,0,65,'MENU','CONSULTAR',4),('2023-01-05 19:35:34','192.168.1.10',1,0,65,'MENU','CONSULTAR',9),('2023-01-05 19:35:47','192.168.1.10',1,0,65,'SISTEMA','LOGAR',NULL),('2023-01-05 19:35:50','192.168.1.10',1,0,65,'MENU','EDITAR',NULL),('2023-01-05 19:35:56','192.168.1.10',1,0,65,'PERMISSAO','PESQUISAR',NULL),('2023-01-05 19:35:59','192.168.1.10',1,0,65,'PERMISSAO','PESQUISAR',1),('2023-01-05 19:36:04','192.168.1.10',1,0,65,'SISTEMA','LOGAR',NULL),('2023-01-05 19:36:56','192.168.1.10',1,0,66,'MENU','EDITAR',NULL),('2023-01-05 19:37:10','192.168.1.10',1,0,66,'MENU','CONSULTAR',9),('2023-01-05 19:37:11','192.168.1.10',1,0,66,'MENU','CONSULTAR',4),('2023-01-05 19:37:40','192.168.1.10',1,0,66,'MENU','EDITAR',NULL),('2023-01-05 19:37:43','192.168.1.10',1,0,66,'PERMISSAO','PESQUISAR',NULL),('2023-01-05 19:37:48','192.168.1.10',1,0,66,'PERMISSAO','PESQUISAR',1),('2023-01-05 19:37:52','192.168.1.10',1,0,66,'SISTEMA','LOGAR',NULL),('2023-01-05 20:55:45','192.168.1.10',1,0,67,'MENU','EDITAR',NULL),('2023-01-05 20:55:57','192.168.1.10',1,0,67,'PERMISSAO','PESQUISAR',NULL),('2023-01-05 21:09:02','192.168.1.10',1,0,67,'PERMISSAO','PESQUISAR',1),('2023-01-05 21:09:26','192.168.1.10',1,0,67,'SISTEMA','LOGAR',NULL),('2023-01-05 21:09:29','192.168.1.10',1,0,67,'ENTIDADEACAO','PESQUISAR',NULL),('2023-01-05 21:09:33','192.168.1.10',1,0,67,'MENU','EDITAR',NULL),('2023-01-05 21:09:39','192.168.1.10',1,0,67,'SISTEMA','LOGAR',NULL),('2023-01-05 21:09:44','192.168.1.10',1,0,67,'MENU','EDITAR',NULL),('2023-01-05 21:10:01','192.168.1.10',1,0,67,'MENU','CONSULTAR',10),('2023-01-05 21:10:28','192.168.1.8',1,0,64,'SISTEMA','LOGAR',NULL),('2023-01-05 21:10:34','192.168.1.8',1,0,64,'MENU','EDITAR',NULL),('2023-01-05 21:11:53','192.168.1.10',1,0,67,'MENU','EDITAR',NULL),('2023-01-05 21:13:44','192.168.1.10',1,0,67,'MENU','INCLUIR',NULL),('2023-01-05 21:13:44','192.168.1.10',1,0,67,'MENU','CONSULTAR',11),('2023-01-05 21:14:06','192.168.1.10',1,0,67,'MENU','EDITAR',NULL),('2023-01-05 21:15:31','192.168.1.10',1,0,67,'MENU','INCLUIR',NULL),('2023-01-05 21:15:31','192.168.1.10',1,0,67,'MENU','CONSULTAR',12),('2023-01-05 21:15:36','192.168.1.10',1,0,67,'MENU','EDITAR',NULL),('2023-01-05 21:18:26','192.168.1.10',1,0,67,'MENU','INCLUIR',NULL),('2023-01-05 21:18:26','192.168.1.10',1,0,67,'MENU','CONSULTAR',13),('2023-01-05 21:18:44','192.168.1.10',1,0,67,'PERMISSAO','PESQUISAR',NULL),('2023-01-05 21:18:47','192.168.1.10',1,0,67,'USUARIO','LOGIN',NULL),('2023-01-05 21:18:56','192.168.1.10',1,0,67,'USUARIO','INCLUIR',NULL),('2023-01-05 21:19:51','192.168.1.10',1,0,67,'USUARIO','INCLUIR',NULL),('2023-01-05 21:19:51','192.168.1.10',1,0,67,'USUARIO','CONSULTAR',2),('2023-01-05 21:20:01','192.168.1.10',1,0,67,'PERMISSAO','PESQUISAR',NULL),('2023-01-05 21:20:05','192.168.1.10',1,0,67,'PERMISSAO','PESQUISAR',2),('2023-01-05 21:20:36','192.168.1.10',1,0,67,'PERMISSAO','INCLUIR',2),('2023-01-05 21:20:37','192.168.1.10',1,0,67,'PERMISSAO','PESQUISAR',2),('2023-01-05 21:20:51','192.168.1.10',1,0,67,'USUARIO','PESQUISAR',NULL),('2023-01-05 21:20:54','192.168.1.10',1,0,67,'USUARIO','CONSULTAR',2),('2023-01-05 21:21:04','192.168.1.10',1,0,67,'USUARIO','BLOQUEAR',2),('2023-01-05 21:21:04','192.168.1.10',1,0,67,'USUARIO','CONSULTAR',2),('2023-01-05 21:21:05','192.168.1.10',1,0,67,'USUARIO','ATIVAR',2),('2023-01-05 21:21:05','192.168.1.10',1,0,67,'USUARIO','CONSULTAR',2),('2023-01-05 22:33:31','192.168.1.10',1,0,67,'ENTIDADEACAO','PESQUISAR',NULL),('2023-01-05 22:33:36','192.168.1.10',1,0,67,'SISTEMA','TABELAS',NULL),('2023-01-05 22:33:48','192.168.1.10',1,0,67,'SISTEMA','TABELAS',NULL),('2023-01-05 22:33:51','192.168.1.10',1,0,67,'SISTEMA','TABELAS',NULL),('2023-01-05 22:33:59','192.168.1.10',1,0,67,'USUARIO','PESQUISAR',NULL),('2023-01-05 22:34:01','192.168.1.10',1,0,67,'USUARIO','CONSULTAR',2),('2023-01-05 22:34:18','192.168.1.10',1,0,67,'SISTEMA','TABELAS',NULL),('2023-01-05 22:34:23','192.168.1.10',1,0,67,'SISTEMA','CRIAR_TABELA',NULL),('2023-01-05 22:34:35','192.168.1.10',1,0,67,'SISTEMA','TABELAS',NULL),('2023-01-05 22:34:41','192.168.1.10',1,0,67,'SISTEMA','CRIAR_TABELA',NULL),('2023-01-05 22:34:53','192.168.1.10',1,0,67,'SISTEMA','LOGAR',NULL),('2023-01-05 22:35:00','192.168.1.10',1,0,67,'ENTIDADEACAO','PESQUISAR',NULL),('2023-01-05 22:35:11','192.168.1.10',1,0,67,'ENTIDADEACAO','CONSULTAR_ENTIDADE',NULL),('2023-01-05 22:35:11','192.168.1.10',1,0,67,'ENTIDADEACAO','LISTAR_ACAO',NULL),('2023-01-05 22:35:22','192.168.1.10',1,0,67,'ENTIDADEACAO','EDITAR_ARQUIVO',NULL),('2023-01-05 22:35:51','192.168.1.10',1,0,67,'ENTIDADEACAO','INCLUIR_ENTIDADE',NULL),('2023-01-05 22:36:01','192.168.1.10',1,0,67,'USUARIO','PERFIL',NULL),('2023-01-06 08:36:15','192.168.1.7',1,0,68,'PERMISSAO','PESQUISAR',NULL),('2023-01-06 08:36:18','192.168.1.7',1,0,68,'USUARIO','PESQUISAR',NULL),('2023-01-06 08:36:20','192.168.1.7',1,0,68,'PERMISSAO','PESQUISAR',NULL),('2023-01-06 08:36:25','192.168.1.7',1,0,68,'ENTIDADEACAO','PESQUISAR',NULL),('2023-01-06 08:36:28','192.168.1.7',1,0,68,'MENU','EDITAR',NULL),('2023-01-06 08:36:32','192.168.1.7',1,0,68,'SISTEMA','LOGAR',NULL),('2023-01-06 10:03:55','192.168.1.7',1,0,68,'MENU','EDITAR',NULL),('2023-01-06 10:04:01','192.168.1.7',1,0,68,'PERMISSAO','PESQUISAR',NULL),('2023-01-06 10:04:11','192.168.1.7',1,0,68,'USUARIO','LOGIN',NULL),('2023-01-06 10:06:24','192.168.1.7',1,0,68,'USUARIO','LOGIN',NULL),('2023-01-06 10:06:30','192.168.1.7',1,0,68,'SISTEMA','LOGAR',NULL),('2023-01-06 10:06:33','192.168.1.7',1,0,68,'USUARIO','LOGIN',NULL),('2023-01-06 10:18:04','192.168.1.7',1,0,68,'USUARIO','LOGIN',NULL),('2023-01-06 10:18:54','192.168.1.7',1,0,68,'USUARIO','LOGIN',NULL),('2023-01-06 10:20:37','192.168.1.7',1,0,68,'USUARIO','LOGIN',NULL),('2023-01-06 10:22:25','192.168.1.7',1,0,68,'USUARIO','LOGIN',NULL),('2023-01-06 10:23:45','192.168.1.7',1,0,68,'USUARIO','LOGIN',NULL),('2023-01-06 10:23:47','192.168.1.7',1,0,68,'SISTEMA','LOGAR',NULL),('2023-01-06 10:23:50','192.168.1.7',1,0,68,'USUARIO','LOGIN',NULL),('2023-01-06 10:25:29','192.168.1.7',1,0,68,'USUARIO','LOGIN',NULL),('2023-01-06 10:27:00','192.168.1.7',1,0,68,'USUARIO','LOGIN',NULL),('2023-01-06 10:27:08','192.168.1.7',1,0,68,'MENU','EDITAR',NULL),('2023-01-06 10:27:13','192.168.1.7',1,0,68,'SISTEMA','LOGAR',NULL),('2023-01-06 10:27:15','192.168.1.7',1,0,68,'USUARIO','LOGIN',NULL),('2023-01-06 10:27:22','192.168.1.7',1,0,68,'MENU','EDITAR',NULL),('2023-01-06 10:27:28','192.168.1.7',1,0,68,'SISTEMA','LOGAR',NULL),('2023-01-06 10:27:30','192.168.1.7',1,0,68,'USUARIO','LOGIN',NULL),('2023-01-06 10:27:33','192.168.1.7',1,0,68,'SISTEMA','LOGAR',NULL),('2023-01-06 10:27:43','192.168.1.7',1,0,68,'USUARIO','LOGIN',NULL),('2023-01-06 10:28:01','192.168.1.7',1,0,68,'SISTEMA','LOGAR',NULL),('2023-01-06 10:28:04','192.168.1.7',1,0,68,'USUARIO','LOGIN',NULL),('2023-01-06 10:28:22','192.168.1.7',1,0,68,'SISTEMA','LOGAR',NULL),('2023-01-06 10:29:45','192.168.1.7',1,0,68,'USUARIO','LOGIN',NULL),('2023-01-06 10:30:09','192.168.1.7',1,0,68,'SISTEMA','LOGAR',NULL),('2023-01-06 10:30:40','192.168.1.7',1,0,68,'USUARIO','LOGIN',NULL);
/*!40000 ALTER TABLE `TBL_SYS_LOGS` ENABLE KEYS */;
UNLOCK TABLES;

--
-- Table structure for table `TBL_SYS_MENUS`
--

DROP TABLE IF EXISTS `TBL_SYS_MENUS`;
/*!40101 SET @saved_cs_client     = @@character_set_client */;
/*!50503 SET character_set_client = utf8mb4 */;
CREATE TABLE `TBL_SYS_MENUS` (
  `CODIGO` int NOT NULL AUTO_INCREMENT,
  `NOME` varchar(100) CHARACTER SET utf8 COLLATE utf8_general_ci NOT NULL,
  `ENTIDADE_ACAO` int DEFAULT NULL,
  `ORDEM` int NOT NULL DEFAULT '0',
  `NIVEL` int NOT NULL,
  `TIPO` int NOT NULL,
  `ICONE` varchar(50) CHARACTER SET utf8 COLLATE utf8_general_ci DEFAULT NULL,
  `MENU_PAI` int DEFAULT NULL,
  `SESSAO` int NOT NULL,
  `USUARIO` int NOT NULL,
  `DATACRIACAO` datetime NOT NULL,
  `REG_ATIVO` int NOT NULL DEFAULT '1',
  PRIMARY KEY (`CODIGO`),
  KEY `MENU_ENTIDADEACAO` (`ENTIDADE_ACAO`),
  KEY `MENU_MENU_PAI` (`MENU_PAI`),
  KEY `MENU_SESSAO` (`SESSAO`),
  KEY `MENU_USUARIO` (`USUARIO`),
  CONSTRAINT `TBL_SYS_MENUS_ibfk_1` FOREIGN KEY (`ENTIDADE_ACAO`) REFERENCES `TBL_SYS_ACOES` (`CODIGO`),
  CONSTRAINT `TBL_SYS_MENUS_ibfk_2` FOREIGN KEY (`SESSAO`) REFERENCES `TBL_SESSOES` (`CODIGO`),
  CONSTRAINT `TBL_SYS_MENUS_ibfk_3` FOREIGN KEY (`USUARIO`) REFERENCES `TBL_USUARIOS` (`CODIGO`),
  CONSTRAINT `TBL_SYS_MENUS_ibfk_4` FOREIGN KEY (`MENU_PAI`) REFERENCES `TBL_SYS_MENUS` (`CODIGO`)
) ENGINE=InnoDB AUTO_INCREMENT=14 DEFAULT CHARSET=utf8mb3;
/*!40101 SET character_set_client = @saved_cs_client */;

--
-- Dumping data for table `TBL_SYS_MENUS`
--

LOCK TABLES `TBL_SYS_MENUS` WRITE;
/*!40000 ALTER TABLE `TBL_SYS_MENUS` DISABLE KEYS */;
INSERT INTO `TBL_SYS_MENUS` VALUES (1,'MENU PRINCIPAL',NULL,0,0,0,NULL,NULL,1,1,'2020-12-07 17:07:43',1),(2,'Sistema',NULL,0,1,1,'fa-cube',1,1,1,'2020-12-07 22:33:15',1),(3,'Seguranca',NULL,1,2,1,'fa-unlock-alt',2,1,1,'2020-12-07 22:36:25',1),(4,'Debug',4,1,3,1,'fa-stack-overflow',7,1,1,'2020-12-07 22:36:25',1),(5,'Menu Geral',7,0,2,1,'fa-list',2,1,1,'2020-12-07 22:40:08',1),(6,'Permisses',24,0,3,1,'fa-lock',3,1,1,'2020-12-08 12:25:30',1),(7,'Desenvolvimento',NULL,2,2,1,'fa-gears',2,21,1,'2020-12-08 13:57:26',1),(8,'Entidade Ao',26,0,3,1,'fa-cubes',7,21,1,'2020-12-08 14:06:29',1),(9,'Tabelas',39,2,3,1,'fa-anchor',7,21,1,'2021-01-15 14:28:12',1),(10,'Cadastros',NULL,1,1,1,'',1,21,1,'2021-05-13 18:01:48',1),(11,'USUARIOS',NULL,1,3,0,'fa-user',3,67,1,'2023-01-05 21:13:44',1),(12,'PESQUISAR',13,0,4,1,'fa-search',11,67,1,'2023-01-05 21:15:31',1),(13,'INCLUIR',17,1,4,1,'fa-user-plus',11,67,1,'2023-01-05 21:18:26',1);
/*!40000 ALTER TABLE `TBL_SYS_MENUS` ENABLE KEYS */;
UNLOCK TABLES;

--
-- Table structure for table `TBL_SYS_PERMISSOES`
--

DROP TABLE IF EXISTS `TBL_SYS_PERMISSOES`;
/*!40101 SET @saved_cs_client     = @@character_set_client */;
/*!50503 SET character_set_client = utf8mb4 */;
CREATE TABLE `TBL_SYS_PERMISSOES` (
  `CODIGO` int NOT NULL AUTO_INCREMENT,
  `USUARIO` int NOT NULL,
  `ACAO` int NOT NULL,
  `ENTIDADE_CODIGO` int DEFAULT NULL,
  `TIPO_ACESSO` char(1) CHARACTER SET utf8 COLLATE utf8_general_ci DEFAULT NULL,
  `DATACRIACAO` datetime NOT NULL,
  `USUARIO_CRIOU` int NOT NULL,
  `SESSAO` int NOT NULL,
  PRIMARY KEY (`CODIGO`),
  KEY `PERMISSAO_USUARIO` (`USUARIO`),
  KEY `PERMISSAO_ACAO` (`ACAO`),
  KEY `PERMISSAO_USUARIO_CRIOU` (`USUARIO_CRIOU`),
  KEY `PERMISSAO_SESSAO` (`SESSAO`),
  CONSTRAINT `TBL_SYS_PERMISSOES_ibfk_1` FOREIGN KEY (`USUARIO`) REFERENCES `TBL_USUARIOS` (`CODIGO`),
  CONSTRAINT `TBL_SYS_PERMISSOES_ibfk_2` FOREIGN KEY (`SESSAO`) REFERENCES `TBL_SESSOES` (`CODIGO`),
  CONSTRAINT `TBL_SYS_PERMISSOES_ibfk_3` FOREIGN KEY (`ACAO`) REFERENCES `TBL_SYS_ACOES` (`CODIGO`)
) ENGINE=InnoDB AUTO_INCREMENT=83 DEFAULT CHARSET=utf8mb3;
/*!40101 SET character_set_client = @saved_cs_client */;

--
-- Dumping data for table `TBL_SYS_PERMISSOES`
--

LOCK TABLES `TBL_SYS_PERMISSOES` WRITE;
/*!40000 ALTER TABLE `TBL_SYS_PERMISSOES` DISABLE KEYS */;
INSERT INTO `TBL_SYS_PERMISSOES` VALUES (1,1,1,0,'-','2020-12-05 00:00:00',1,21),(2,1,2,0,'-','2020-12-05 00:00:00',1,21),(3,1,3,0,'+','2020-12-07 17:11:03',1,1),(4,1,4,0,'+','2020-12-07 17:11:03',1,1),(5,1,5,0,'-','2020-12-07 17:11:03',1,21),(6,1,6,0,'-','2020-12-07 17:11:03',1,21),(7,1,7,0,'+','2020-12-07 22:52:53',1,1),(8,1,8,0,'+','2020-12-07 22:52:53',1,1),(9,1,9,0,'+','2020-12-07 23:00:54',1,1),(10,1,10,0,'+','2020-12-07 23:00:54',1,1),(11,1,11,0,'+','2020-12-07 23:02:08',1,1),(12,1,12,0,'+','2020-12-07 23:02:08',1,1),(13,1,13,0,'+','2020-12-07 23:03:05',1,1),(14,1,14,0,'+','2020-12-07 23:03:05',1,1),(15,1,15,0,'+','2020-12-07 23:03:05',1,1),(16,1,16,0,'+','2020-12-07 23:03:05',1,1),(17,1,17,0,'+','2020-12-07 23:03:05',1,1),(18,1,18,0,'+','2020-12-07 23:03:05',1,1),(19,1,19,0,'+','2020-12-07 23:03:05',1,1),(20,1,20,0,'+','2020-12-07 23:03:05',1,1),(21,1,21,0,'+','2020-12-07 23:03:05',1,1),(22,1,22,0,'+','2020-12-07 23:03:05',1,21),(23,1,23,0,'+','2020-12-07 23:03:05',1,1),(24,1,24,0,'+','2020-12-07 23:03:05',1,1),(25,1,25,0,'+','2020-12-07 23:03:05',1,1),(26,1,32,0,'+','2020-12-08 14:05:38',1,21),(27,1,31,0,'+','2020-12-08 14:05:38',1,21),(28,1,27,0,'+','2020-12-08 14:05:38',1,21),(29,1,30,0,'+','2020-12-08 14:05:38',1,21),(30,1,29,0,'+','2020-12-08 14:05:38',1,21),(31,1,28,0,'+','2020-12-08 14:05:38',1,21),(32,1,26,0,'+','2020-12-08 14:05:38',1,21),(33,1,33,0,'+','2020-12-08 14:42:12',1,21),(34,1,34,0,'+','2020-12-08 14:43:03',1,21),(35,1,35,0,'+','2020-12-08 14:43:33',1,21),(36,1,36,0,'+','2020-12-08 14:43:46',1,21),(37,1,37,0,'+','2020-12-08 14:44:10',1,21),(38,1,38,0,'+','2020-12-08 14:44:30',1,21),(39,1,39,0,'+','2021-01-15 14:26:56',1,21),(40,1,40,0,'+','2021-01-15 14:30:41',1,21),(41,1,41,0,'+','2021-01-15 14:31:50',1,21),(42,2,32,0,'+','2023-01-05 21:20:36',1,67),(43,2,31,0,'+','2023-01-05 21:20:36',1,67),(44,2,27,0,'+','2023-01-05 21:20:36',1,67),(45,2,35,0,'+','2023-01-05 21:20:36',1,67),(46,2,37,0,'+','2023-01-05 21:20:36',1,67),(47,2,34,0,'+','2023-01-05 21:20:36',1,67),(48,2,38,0,'+','2023-01-05 21:20:36',1,67),(49,2,30,0,'+','2023-01-05 21:20:36',1,67),(50,2,29,0,'+','2023-01-05 21:20:36',1,67),(51,2,28,0,'+','2023-01-05 21:20:36',1,67),(52,2,26,0,'+','2023-01-05 21:20:37',1,67),(53,2,36,0,'+','2023-01-05 21:20:37',1,67),(54,2,33,0,'+','2023-01-05 21:20:37',1,67),(55,2,11,0,'+','2023-01-05 21:20:37',1,67),(56,2,8,0,'+','2023-01-05 21:20:37',1,67),(57,2,7,0,'+','2023-01-05 21:20:37',1,67),(58,2,10,0,'+','2023-01-05 21:20:37',1,67),(59,2,12,0,'+','2023-01-05 21:20:37',1,67),(60,2,9,0,'+','2023-01-05 21:20:37',1,67),(61,2,25,0,'+','2023-01-05 21:20:37',1,67),(62,2,24,0,'+','2023-01-05 21:20:37',1,67),(63,2,40,0,'+','2023-01-05 21:20:37',1,67),(64,2,3,0,'+','2023-01-05 21:20:37',1,67),(65,2,39,0,'+','2023-01-05 21:20:37',1,67),(66,2,41,0,'+','2023-01-05 21:20:37',1,67),(67,2,14,0,'+','2023-01-05 21:20:37',1,67),(68,2,23,0,'+','2023-01-05 21:20:37',1,67),(69,2,21,0,'+','2023-01-05 21:20:37',1,67),(70,2,20,0,'+','2023-01-05 21:20:37',1,67),(71,2,15,0,'+','2023-01-05 21:20:37',1,67),(72,2,16,0,'+','2023-01-05 21:20:37',1,67),(73,2,18,0,'+','2023-01-05 21:20:37',1,67),(74,2,17,0,'+','2023-01-05 21:20:37',1,67),(75,2,22,0,'+','2023-01-05 21:20:37',1,67),(76,2,13,0,'+','2023-01-05 21:20:37',1,67),(77,2,19,0,'+','2023-01-05 21:20:37',1,67),(78,2,5,0,'-','2023-01-05 21:20:37',1,67),(79,2,6,0,'-','2023-01-05 21:20:37',1,67),(80,2,1,0,'-','2023-01-05 21:20:37',1,67),(81,2,4,0,'-','2023-01-05 21:20:37',1,67),(82,2,2,0,'-','2023-01-05 21:20:37',1,67);
/*!40000 ALTER TABLE `TBL_SYS_PERMISSOES` ENABLE KEYS */;
UNLOCK TABLES;

--
-- Table structure for table `TBL_SYS_SESSOES`
--

DROP TABLE IF EXISTS `TBL_SYS_SESSOES`;
/*!40101 SET @saved_cs_client     = @@character_set_client */;
/*!50503 SET character_set_client = utf8mb4 */;
CREATE TABLE `TBL_SYS_SESSOES` (
  `CODIGO` int NOT NULL AUTO_INCREMENT,
  `USUARIO` int NOT NULL,
  `SESSAO_UID` int NOT NULL,
  `DATAINICIO` datetime NOT NULL,
  `DATAMODIFICACAO` datetime NOT NULL,
  `DATAFIM` datetime DEFAULT NULL,
  `REG_ATIVO` int NOT NULL DEFAULT '1',
  PRIMARY KEY (`CODIGO`),
  KEY `SESSAO_USUARIO` (`USUARIO`),
  KEY `SESSAO_UID` (`SESSAO_UID`)
) ENGINE=InnoDB DEFAULT CHARSET=utf8mb3;
/*!40101 SET character_set_client = @saved_cs_client */;

--
-- Dumping data for table `TBL_SYS_SESSOES`
--

LOCK TABLES `TBL_SYS_SESSOES` WRITE;
/*!40000 ALTER TABLE `TBL_SYS_SESSOES` DISABLE KEYS */;
/*!40000 ALTER TABLE `TBL_SYS_SESSOES` ENABLE KEYS */;
UNLOCK TABLES;

--
-- Table structure for table `TBL_USUARIOS`
--

DROP TABLE IF EXISTS `TBL_USUARIOS`;
/*!40101 SET @saved_cs_client     = @@character_set_client */;
/*!50503 SET character_set_client = utf8mb4 */;
CREATE TABLE `TBL_USUARIOS` (
  `CODIGO` int NOT NULL AUTO_INCREMENT,
  `NOME` varchar(100) CHARACTER SET utf8 COLLATE utf8_general_ci NOT NULL,
  `NOME_EXIBIR` varchar(20) CHARACTER SET utf8 COLLATE utf8_general_ci NOT NULL,
  `EMAIL` varchar(200) CHARACTER SET utf8 COLLATE utf8_general_ci NOT NULL,
  `FUNCAO` varchar(20) CHARACTER SET utf8 COLLATE utf8_general_ci DEFAULT NULL,
  `TITULO` varchar(500) CHARACTER SET utf8 COLLATE utf8_general_ci DEFAULT NULL,
  `SENHA` varchar(20) CHARACTER SET utf8 COLLATE utf8_general_ci NOT NULL,
  `PESSOA` int DEFAULT NULL,
  `TIPO` int NOT NULL DEFAULT '5',
  `GRUPO` int DEFAULT NULL,
  `DESCRICAO` text CHARACTER SET utf8 COLLATE utf8_general_ci,
  `IMAGEM` int DEFAULT NULL,
  `NIVEL` int NOT NULL DEFAULT '0',
  `USUARIO_CRIOU` int NOT NULL,
  `SESSAO` int NOT NULL,
  `DATACRIACAO` datetime NOT NULL,
  `REG_ATIVO` int NOT NULL DEFAULT '1',
  PRIMARY KEY (`CODIGO`),
  UNIQUE KEY `USUARIO_EMAIL` (`EMAIL`)
) ENGINE=InnoDB AUTO_INCREMENT=3 DEFAULT CHARSET=utf8mb3;
/*!40101 SET character_set_client = @saved_cs_client */;

--
-- Dumping data for table `TBL_USUARIOS`
--

LOCK TABLES `TBL_USUARIOS` WRITE;
/*!40000 ALTER TABLE `TBL_USUARIOS` DISABLE KEYS */;
INSERT INTO `TBL_USUARIOS` VALUES (1,'SUPERVISOR','SUPERVISOR','SUPERVISOR@SUPERVISOR','SUPERVISOR','SUPERVISOR','SUPERVISOR',NULL,1,NULL,NULL,NULL,0,1,1,'2020-12-05 00:00:00',1),(2,'MARCIO','MARCIO','MARCIO@SISTEMA',NULL,NULL,'wsx852357',NULL,1,1,NULL,NULL,0,1,67,'2023-01-05 21:19:51',1);
/*!40000 ALTER TABLE `TBL_USUARIOS` ENABLE KEYS */;
UNLOCK TABLES;
/*!40103 SET TIME_ZONE=@OLD_TIME_ZONE */;

/*!40101 SET SQL_MODE=@OLD_SQL_MODE */;
/*!40014 SET FOREIGN_KEY_CHECKS=@OLD_FOREIGN_KEY_CHECKS */;
/*!40014 SET UNIQUE_CHECKS=@OLD_UNIQUE_CHECKS */;
/*!40101 SET CHARACTER_SET_CLIENT=@OLD_CHARACTER_SET_CLIENT */;
/*!40101 SET CHARACTER_SET_RESULTS=@OLD_CHARACTER_SET_RESULTS */;
/*!40101 SET COLLATION_CONNECTION=@OLD_COLLATION_CONNECTION */;
/*!40111 SET SQL_NOTES=@OLD_SQL_NOTES */;

-- Dump completed on 2023-12-07 19:30:11
